Country,Rank,Score,Incidents,Fatalities,Injuries,Hostages,Year
Iraq,1,9.599967028,1288,2086,5050,16,2012
Pakistan,2,9.152620244,638,1322,2297,160,2012
Afghanistan,3,9.134264555,507,1511,2612,67,2012
Syria,4,8.238078587,168,1014,1833,71,2012
Yemen,5,8.098512649,219,651,798,121,2012
Nigeria,6,8.098342178,212,767,496,9,2012
Somalia,7,7.964122878,166,446,427,1,2012
India,8,7.814715079,219,150,256,41,2012
Thailand,9,7.499810283,199,184,493,0,2012
Russia,10,7.490145036,219,157,309,3,2012
Turkey,11,7.387463099,157,188,502,89,2012
Colombia,12,7.38634935,119,181,484,21,2012
Philippines,13,7.211936124,113,98,304,29,2012
Algeria,14,6.695682208,41,43,135,1,2012
Kenya,15,6.688522043,72,113,377,6,2012
Democratic Republic of the Congo,16,5.836173868,4,35,66,3,2012
Egypt,17,5.804261379,45,31,45,50,2012
Israel,18,5.709045369,77,10,46,0,2012
Iran,19,5.688964794,4,10,4,0,2012
Myanmar,20,5.580636513,8,8,4,3,2012
Norway,21,5.574483329,0,0,0,0,2012
Mali,22,5.496412603,16,45,0,11,2012
Libya,23,5.446328433,48,30,54,7,2012
Sri Lanka,24,5.443778362,2,0,0,3,2012
Sudan,25,5.396542469,3,9,12,38,2012
Indonesia,26,5.235223273,25,9,22,0,2012
Lebanon,27,5.166324545,9,10,80,0,2012
Nepal,28,5.1390601,7,11,28,0,2012
Ethiopia,29,5.041844062,2,24,8,4,2012
China,30,5.010017149,2,13,10,0,2012
Peru,31,4.85702584,12,6,9,26,2012
Burundi,32,4.735279505,0,0,0,0,2012
Uganda,33,4.634778606,0,0,0,0,2012
Palestine,34,4.629883542,6,3,1,0,2012
United Kingdom,35,4.568434785,22,1,0,0,2012
Belarus,36,4.567116169,0,0,0,0,2012
Bangladesh,37,4.453522372,7,5,24,0,2012
France,38,4.359280574,8,8,2,4,2012
United States of America,39,4.31803763,3,6,3,0,2012
Tajikistan,40,4.293038452,0,0,0,0,2012
Georgia,41,4.277192625,7,5,11,5,2012
Bulgaria,42,4.254761596,2,8,32,0,2012
Cote d' Ivoire,43,4.239477682,4,12,0,0,2012
Central African Republic,44,4.172716745,1,1,6,0,2012
Greece,45,4.027997239,7,0,0,0,2012
Morocco,45,4.027997239,0,0,0,0,2012
Kazakhstan,47,3.956174806,1,0,1,0,2012
Guatemala,48,3.884648275,2,7,2,0,2012
Bahrain,49,3.82137931,10,2,17,0,2012
Ukraine,50,3.78954287,3,0,30,0,2012
Rwanda,51,3.678993555,2,0,10,0,2012
Saudi Arabia,52,3.591148133,1,2,0,0,2012
Mauritania,53,3.367379291,0,0,0,0,2012
Tunisia,54,3.344173977,3,0,0,5,2012
Spain,55,3.256669844,0,0,0,0,2012
Italy,56,3.236416171,3,0,1,0,2012
Kosovo,56,3.236416171,1,1,4,0,2012
Cameroon,58,3.230246402,0,0,0,0,2012
Germany,59,3.219864618,3,0,0,0,2012
Niger,60,3.174846677,1,0,0,6,2012
Eritrea,61,3.141192925,0,0,0,0,2012
Mexico,62,2.97524706,0,0,0,0,2012
Argentina,63,2.810898816,2,0,0,0,2012
Chile,64,2.804168881,1,0,0,0,2012
Paraguay,65,2.5643453,0,0,0,0,2012
El Salvador,65,2.5643453,0,0,0,0,2012
Jordan,67,2.541764584,1,1,0,0,2012
Serbia,68,2.45014107,1,1,0,0,2012
Azerbaijan,69,2.408456264,0,0,0,0,2012
Honduras,69,2.408456264,0,0,0,0,2012
Venezuela,69,2.408456264,0,0,0,0,2012
Madagascar,72,2.364659954,2,0,1,0,2012
Angola,72,2.364659954,0,0,0,0,2012
Sierra Leone,72,2.364659954,1,1,1,0,2012
Guinea-Bissau,75,2.269793175,1,1,0,0,2012
Senegal,76,2.218148441,0,0,0,0,2012
Malaysia,77,2.17728451,1,0,5,0,2012
Ireland,78,2.119610324,1,0,0,0,2012
Kyrgyz Republic,79,2.008383006,0,0,0,0,2012
Bosnia and Herzegovina,80,1.973786701,0,0,0,0,2012
Cambodia,81,1.9559553,1,0,3,0,2012
Moldova,82,1.937748474,0,0,0,0,2012
Uzbekistan,83,1.840478381,0,0,0,0,2012
Estonia,84,1.819639004,0,0,0,0,2012
Bhutan,85,1.71909842,0,0,0,0,2012
Japan,86,1.682808103,0,0,0,0,2012
Austria,87,1.520181983,0,0,0,0,2012
Switzerland,87,1.520181983,0,0,0,0,2012
Sweden,89,1.458384821,0,0,0,0,2012
Kuwait,90,1.356526959,1,0,0,0,2012
Chad,91,1.058311564,0,0,0,0,2012
Nicaragua,91,1.058311564,0,0,0,0,2012
Panama,91,1.058311564,0,0,0,0,2012
Bolivia,94,0.950071442,0,0,0,0,2012
Canada,95,0.890406939,0,0,0,0,2012
Uruguay,95,0.890406939,0,0,0,0,2012
Belgium,97,0.826318935,0,0,0,0,2012
Brazil,97,0.826318935,0,0,0,0,2012
Cyprus,97,0.826318935,0,0,0,0,2012
Denmark,97,0.826318935,0,0,0,0,2012
Albania,97,0.826318935,0,0,0,0,2012
Eswatini,102,0.792401165,0,0,0,0,2012
Slovakia,103,0.508313379,0,0,0,0,2012
Montenegro,103,0.508313379,0,0,0,0,2012
Oman,103,0.508313379,0,0,0,0,2012
Mozambique,106,0.290978598,0,0,0,0,2012
Ecuador,106,0.290978598,0,0,0,0,2012
Hungary,106,0.290978598,0,0,0,0,2012
Jamaica,106,0.290978598,0,0,0,0,2012
Finland,110,0.226890594,0,0,0,0,2012
Armenia,111,0.157670278,0,0,0,0,2012
Republic of the Congo,112,0,0,0,0,0,2012
South Africa,112,0,0,0,0,0,2012
Burkina Faso,112,0,0,0,0,0,2012
New Zealand,112,0,0,0,0,0,2012
Tanzania,112,0,0,0,0,0,2012
Australia,112,0,0,0,0,0,2012
Laos,112,0,0,0,0,0,2012
Benin,112,0,0,0,0,0,2012
Netherlands,112,0,0,0,0,0,2012
Romania,112,0,0,0,0,0,2012
Lithuania,112,0,0,0,0,0,2012
Vietnam,112,0,0,0,0,0,2012
Czech Republic,112,0,0,0,0,0,2012
Gabon,112,0,0,0,0,0,2012
Taiwan,112,0,0,0,0,0,2012
Poland,112,0,0,0,0,0,2012
Mauritius,112,0,0,0,0,0,2012
Togo,112,0,0,0,0,0,2012
United Arab Emirates,112,0,0,0,0,0,2012
Botswana,112,0,0,0,0,0,2012
Costa Rica,112,0,0,0,0,0,2012
Cuba,112,0,0,0,0,0,2012
Djibouti,112,0,0,0,0,0,2012
Dominican Republic,112,0,0,0,0,0,2012
Ghana,112,0,0,0,0,0,2012
Guinea,112,0,0,0,0,0,2012
The Gambia,112,0,0,0,0,0,2012
Equatorial Guinea,112,0,0,0,0,0,2012
Guyana,112,0,0,0,0,0,2012
Croatia,112,0,0,0,0,0,2012
Haiti,112,0,0,0,0,0,2012
Iceland,112,0,0,0,0,0,2012
South Korea,112,0,0,0,0,0,2012
Liberia,112,0,0,0,0,0,2012
Lesotho,112,0,0,0,0,0,2012
Latvia,112,0,0,0,0,0,2012
Macedonia (FYR),112,0,0,0,0,0,2012
Mongolia,112,0,0,0,0,0,2012
Malawi,112,0,0,0,0,0,2012
Namibia,112,0,0,0,0,0,2012
Papua New Guinea,112,0,0,0,0,0,2012
North Korea,112,0,0,0,0,0,2012
Portugal,112,0,0,0,0,0,2012
Qatar,112,0,0,0,0,0,2012
Singapore,112,0,0,0,0,0,2012
South Sudan,112,0,0,0,0,0,2012
Slovenia,112,0,0,0,0,0,2012
Turkmenistan,112,0,0,0,0,0,2012
Timor-Leste,112,0,0,0,0,0,2012
Trinidad and Tobago,112,0,0,0,0,0,2012
Zambia,112,0,0,0,0,0,2012
Zimbabwe,112,0,0,0,0,0,2012
Iraq,1,9.874781401,1673,3980,9479,41,2013
Pakistan,2,9.181259066,518,1503,3421,81,2013
Afghanistan,3,8.935457856,259,923,1232,42,2013
Syria,4,8.445953206,80,907,1012,4,2013
Nigeria,5,8.335604257,107,931,146,13,2013
Yemen,6,7.983732085,201,316,444,13,2013
Somalia,7,7.820100334,152,264,366,6,2013
India,8,7.700491117,199,241,294,37,2013
Thailand,9,7.469150406,196,154,413,0,2013
Colombia,10,7.378836375,217,140,291,19,2013
Russia,11,7.373317078,141,132,299,0,2013
Philippines,12,7.200142327,71,108,211,305,2013
Turkey,13,7.015625579,13,56,140,4,2013
Kenya,14,6.967738799,41,151,272,0,2013
Egypt,15,6.792710322,91,132,376,4,2013
Algeria,16,6.476253966,13,46,26,107,2013
Lebanon,17,6.210585379,34,56,294,13,2013
Libya,18,6.184142789,90,55,104,13,2013
Mali,19,5.895912725,33,45,53,2,2013
Democratic Republic of the Congo,20,5.74549817,2,40,0,0,2013
Iran,21,5.488870324,7,21,0,0,2013
Israel,22,5.313444395,33,1,1,0,2013
Myanmar,23,5.213000407,9,6,11,0,2013
Indonesia,24,5.123481964,10,13,4,0,2013
United States of America,25,5.057204003,3,4,141,0,2013
Sudan,26,5.05395337,4,12,19,0,2013
China,27,4.986234864,4,8,49,0,2013
Norway,28,4.976426151,0,0,0,0,2013
Tunisia,29,4.916879074,14,22,9,0,2013
Peru,30,4.719196682,9,4,6,18,2013
Ethiopia,31,4.601608968,2,4,0,0,2013
United Kingdom,32,4.58969235,29,1,1,0,2013
Nepal,33,4.583671892,7,0,9,0,2013
Bangladesh,34,4.520579161,14,3,19,0,2013
Bahrain,35,4.488905173,20,2,34,0,2013
Palestine,36,4.464983342,9,3,11,0,2013
Rwanda,37,4.439871464,3,4,54,0,2013
Paraguay,38,4.400781097,11,9,14,5,2013
Sri Lanka,39,4.200714835,0,0,0,0,2013
Burundi,40,4.138021283,0,0,0,0,2013
Greece,41,4.122714825,13,2,3,0,2013
Uganda,42,4.039408425,0,0,0,0,2013
Cote d' Ivoire,43,3.980784377,2,2,4,0,2013
Belarus,44,3.949012924,0,0,0,0,2013
Niger,45,3.8307061,3,3,16,0,2013
France,46,3.802418427,1,0,1,0,2013
Georgia,47,3.760970259,1,1,1,0,2013
South Sudan,48,3.747457604,2,6,7,0,2013
Tajikistan,49,3.736033497,1,0,0,0,2013
Bulgaria,50,3.661622681,0,0,0,0,2013
Central African Republic,51,3.580201249,0,0,0,0,2013
Morocco,52,3.436735081,0,0,0,0,2013
Kazakhstan,53,3.365616207,0,0,0,0,2013
Ukraine,54,3.327736036,2,0,0,0,2013
Guatemala,55,3.29197239,0,0,0,0,2013
Chile,56,3.228179992,3,2,0,0,2013
Kosovo,57,3.13199292,4,0,2,0,2013
Cameroon,58,3.079565214,1,0,0,7,2013
Kyrgyz Republic,59,3.059684056,2,2,2,0,2013
Mozambique,60,3.028978145,2,1,10,0,2013
Saudi Arabia,61,3.002529836,0,0,0,0,2013
Italy,62,2.657241503,0,0,0,0,2013
Venezuela,63,2.649196866,1,1,0,0,2013
Germany,64,2.641076691,0,0,0,0,2013
Mauritania,65,2.612040169,0,0,0,0,2013
Argentina,66,2.581994735,2,0,0,0,2013
Mexico,67,2.555383641,1,0,0,0,2013
Eritrea,68,2.527927612,0,0,0,0,2013
Madagascar,69,2.489908641,3,0,0,0,2013
Spain,70,2.38683533,0,0,0,0,2013
Serbia,71,2.347647097,1,0,2,0,2013
El Salvador,72,2.008383006,0,0,0,0,2013
Malaysia,73,1.973786701,1,0,0,0,2013
Ireland,74,1.946899801,1,0,0,0,2013
Jordan,75,1.937748474,0,0,0,0,2013
Honduras,76,1.860827374,0,0,0,0,2013
Bosnia and Herzegovina,77,1.840478381,1,0,0,0,2013
Sierra Leone,78,1.819639004,0,0,0,0,2013
Tanzania,79,1.730864483,2,0,0,0,2013
Guinea-Bissau,79,1.730864483,0,0,0,0,2013
Senegal,81,1.682808103,0,0,0,0,2013
Angola,82,1.657739905,0,0,0,0,2013
Azerbaijan,83,1.520181983,0,0,0,0,2013
Croatia,83,1.520181983,1,0,1,0,2013
Moldova,85,1.425747276,0,0,0,0,2013
Cambodia,85,1.425747276,0,0,0,0,2013
Uzbekistan,87,1.338320133,0,0,0,0,2013
Estonia,88,1.319721733,0,0,0,0,2013
Ecuador,89,1.281280191,1,0,0,0,2013
Switzerland,90,1.058311564,0,0,0,0,2013
Austria,91,1.032494951,0,0,0,0,2013
Sweden,92,0.950071442,0,0,0,0,2013
Kuwait,93,0.890406939,0,0,0,0,2013
Chad,94,0.68185185,0,0,0,0,2013
Nicaragua,94,0.68185185,0,0,0,0,2013
Panama,94,0.68185185,0,0,0,0,2013
Uruguay,97,0.555070295,0,0,0,0,2013
Bolivia,97,0.555070295,0,0,0,0,2013
Belgium,99,0.508313379,0,0,0,0,2013
Brazil,99,0.508313379,0,0,0,0,2013
Cyprus,99,0.508313379,0,0,0,0,2013
Denmark,99,0.508313379,0,0,0,0,2013
Albania,99,0.508313379,0,0,0,0,2013
Canada,104,0.406455517,0,0,0,0,2013
Slovakia,105,0.290978598,0,0,0,0,2013
Bhutan,105,0.290978598,0,0,0,0,2013
Montenegro,105,0.290978598,0,0,0,0,2013
Oman,105,0.290978598,0,0,0,0,2013
Hungary,109,0.157670278,0,0,0,0,2013
Republic of the Congo,110,0,0,0,0,0,2013
South Africa,110,0,0,0,0,0,2013
Burkina Faso,110,0,0,0,0,0,2013
New Zealand,110,0,0,0,0,0,2013
Australia,110,0,0,0,0,0,2013
Japan,110,0,0,0,0,0,2013
Laos,110,0,0,0,0,0,2013
Benin,110,0,0,0,0,0,2013
Netherlands,110,0,0,0,0,0,2013
Romania,110,0,0,0,0,0,2013
Finland,110,0,0,0,0,0,2013
Lithuania,110,0,0,0,0,0,2013
Vietnam,110,0,0,0,0,0,2013
Czech Republic,110,0,0,0,0,0,2013
Gabon,110,0,0,0,0,0,2013
Taiwan,110,0,0,0,0,0,2013
Poland,110,0,0,0,0,0,2013
Armenia,110,0,0,0,0,0,2013
Mauritius,110,0,0,0,0,0,2013
Togo,110,0,0,0,0,0,2013
United Arab Emirates,110,0,0,0,0,0,2013
Botswana,110,0,0,0,0,0,2013
Costa Rica,110,0,0,0,0,0,2013
Cuba,110,0,0,0,0,0,2013
Djibouti,110,0,0,0,0,0,2013
Dominican Republic,110,0,0,0,0,0,2013
Ghana,110,0,0,0,0,0,2013
Guinea,110,0,0,0,0,0,2013
The Gambia,110,0,0,0,0,0,2013
Equatorial Guinea,110,0,0,0,0,0,2013
Guyana,110,0,0,0,0,0,2013
Haiti,110,0,0,0,0,0,2013
Iceland,110,0,0,0,0,0,2013
Jamaica,110,0,0,0,0,0,2013
South Korea,110,0,0,0,0,0,2013
Liberia,110,0,0,0,0,0,2013
Lesotho,110,0,0,0,0,0,2013
Latvia,110,0,0,0,0,0,2013
Macedonia (FYR),110,0,0,0,0,0,2013
Mongolia,110,0,0,0,0,0,2013
Malawi,110,0,0,0,0,0,2013
Namibia,110,0,0,0,0,0,2013
Papua New Guinea,110,0,0,0,0,0,2013
North Korea,110,0,0,0,0,0,2013
Portugal,110,0,0,0,0,0,2013
Qatar,110,0,0,0,0,0,2013
Singapore,110,0,0,0,0,0,2013
Slovenia,110,0,0,0,0,0,2013
Eswatini,110,0,0,0,0,0,2013
Turkmenistan,110,0,0,0,0,0,2013
Timor-Leste,110,0,0,0,0,0,2013
Trinidad and Tobago,110,0,0,0,0,0,2013
Zambia,110,0,0,0,0,0,2013
Zimbabwe,110,0,0,0,0,0,2013
Iraq,1,9.857795995,1243,3206,6058,272,2014
Pakistan,2,9.001972501,363,996,1705,26,2014
Nigeria,3,8.920986418,143,2101,834,365,2014
Afghanistan,4,8.899861383,356,1143,1531,19,2014
Syria,5,8.306237304,44,545,423,43,2014
Yemen,6,7.97955827,145,432,286,2,2014
Somalia,7,7.678839117,116,256,183,3,2014
India,8,7.488045843,121,168,190,25,2014
Thailand,9,7.385031249,156,136,350,0,2014
Kenya,10,7.25595736,49,222,315,22,2014
Egypt,11,7.216263701,145,200,335,0,2014
Colombia,12,7.127657501,112,59,232,14,2014
Russia,13,6.959119855,64,44,48,0,2014
Philippines,14,6.911213695,46,60,153,4,2014
Libya,15,6.663061985,114,94,188,8,2014
Lebanon,16,6.55179493,57,69,281,2,2014
Turkey,17,6.469894278,10,7,5,9,2014
China,18,6.275128911,11,72,332,0,2014
Cameroon,19,6.176446614,15,120,16,13,2014
Algeria,20,6.129568068,10,33,0,0,2014
Mali,21,5.977053523,24,36,71,7,2014
Tunisia,22,5.376763234,11,28,31,0,2014
Israel,23,5.130618584,17,5,28,0,2014
Democratic Republic of the Congo,24,5.063421084,1,0,6,0,2014
United States of America,25,5.0277571,6,13,15,0,2014
Iran,26,4.988129262,6,4,3,5,2014
Bahrain,27,4.86982856,30,6,22,0,2014
Indonesia,28,4.693357709,4,3,6,0,2014
Myanmar,29,4.635591763,2,0,2,0,2014
Peru,30,4.55202962,6,3,11,9,2014
Ethiopia,31,4.531648654,1,9,0,0,2014
United Kingdom,32,4.497052349,25,0,2,0,2014
Sudan,33,4.476782851,1,1,4,0,2014
Niger,34,4.383549298,1,12,0,0,2014
Norway,35,4.379733631,0,0,0,0,2014
Saudi Arabia,36,4.19329168,8,7,13,0,2014
Bangladesh,37,4.185120353,4,2,2,0,2014
Palestine,38,4.05624775,4,1,3,0,2014
Central African Republic,39,4.054658058,1,6,10,0,2014
Chile,40,3.945409617,15,0,17,0,2014
Tanzania,41,3.927164377,8,5,10,0,2014
Paraguay,42,3.902855102,3,0,0,0,2014
Nepal,43,3.898100871,1,0,2,0,2014
Nicaragua,44,3.897146881,1,5,24,0,2014
Rwanda,45,3.807727175,0,0,0,0,2014
France,46,3.736033497,3,0,16,0,2014
Madagascar,47,3.731421261,1,1,33,0,2014
Turkmenistan,48,3.609977947,2,6,0,0,2014
South Sudan,49,3.599268308,2,2,0,0,2014
Mozambique,50,3.588424375,3,2,11,0,2014
Greece,51,3.580201249,3,0,0,0,2014
Burundi,52,3.533520832,0,0,0,0,2014
Ukraine,53,3.481093126,9,0,3,0,2014
Uganda,54,3.446433788,0,0,0,0,2014
Cote d' Ivoire,55,3.389978164,0,0,0,0,2014
Belarus,56,3.358527706,0,0,0,0,2014
Tajikistan,57,3.207239688,1,0,0,0,2014
Malaysia,58,3.13199292,4,1,1,5,2014
Georgia,59,3.101398437,0,0,0,0,2014
Belgium,60,3.074637609,1,3,1,0,2014
Bulgaria,60,3.074637609,0,0,0,0,2014
Canada,62,2.887819917,2,2,1,0,2014
Morocco,63,2.850214327,0,0,0,0,2014
Kosovo,64,2.83730674,1,0,3,0,2014
Kazakhstan,65,2.783659012,0,0,0,0,2014
Australia,66,2.72646182,1,2,0,0,2014
Guatemala,67,2.711551239,0,0,0,0,2014
Djibouti,68,2.665211995,1,0,11,0,2014
Kyrgyz Republic,69,2.485036559,0,0,0,0,2014
United Arab Emirates,70,2.45014107,2,1,0,0,2014
Ireland,71,2.318526761,3,0,0,0,2014
Germany,72,2.282236444,1,0,0,0,2014
Italy,73,2.049768525,0,0,0,0,2014
Angola,74,2.016820071,2,0,0,0,2014
Argentina,75,1.991257847,0,0,0,0,2014
Mauritania,76,1.982566394,0,0,0,0,2014
Eritrea,77,1.973786701,0,0,0,0,2014
Mexico,78,1.8904803,0,0,0,0,2014
Spain,79,1.840478381,2,0,0,0,2014
Venezuela,80,1.798285023,0,0,0,0,2014
Serbia,81,1.753926977,0,0,0,0,2014
Sri Lanka,82,1.6187201,0,0,0,0,2014
Jordan,83,1.425747276,0,0,0,0,2014
El Salvador,84,1.338320133,0,0,0,0,2014
Bosnia and Herzegovina,84,1.338320133,0,0,0,0,2014
Sierra Leone,86,1.319721733,0,0,0,0,2014
Hungary,87,1.24105004,1,0,0,0,2014
Guinea-Bissau,87,1.24105004,0,0,0,0,2014
Macedonia (FYR),87,1.24105004,1,0,0,0,2014
Azerbaijan,90,1.058311564,0,0,0,0,2014
Croatia,90,1.058311564,0,0,0,0,2014
Cambodia,92,0.950071442,0,0,0,0,2014
Estonia,93,0.890406939,0,0,0,0,2014
Ecuador,94,0.826318935,0,0,0,0,2014
Switzerland,95,0.68185185,0,0,0,0,2014
Kuwait,96,0.508313379,0,0,0,0,2014
Senegal,96,0.508313379,0,0,0,0,2014
Honduras,96,0.508313379,0,0,0,0,2014
Chad,99,0.406455517,0,0,0,0,2014
Sweden,100,0.290978598,0,0,0,0,2014
Brazil,100,0.290978598,0,0,0,0,2014
Cyprus,100,0.290978598,0,0,0,0,2014
Denmark,100,0.290978598,0,0,0,0,2014
Uzbekistan,100,0.290978598,0,0,0,0,2014
Albania,105,0.226890594,0,0,0,0,2014
Slovakia,106,0.157670278,0,0,0,0,2014
Montenegro,106,0.157670278,0,0,0,0,2014
Oman,106,0.157670278,0,0,0,0,2014
Panama,106,0.157670278,0,0,0,0,2014
Burkina Faso,110,0,0,0,0,0,2014
New Zealand,110,0,0,0,0,0,2014
Austria,110,0,0,0,0,0,2014
Japan,110,0,0,0,0,0,2014
Laos,110,0,0,0,0,0,2014
Benin,110,0,0,0,0,0,2014
Netherlands,110,0,0,0,0,0,2014
Uruguay,110,0,0,0,0,0,2014
South Africa,110,0,0,0,0,0,2014
Romania,110,0,0,0,0,0,2014
Finland,110,0,0,0,0,0,2014
Lithuania,110,0,0,0,0,0,2014
Vietnam,110,0,0,0,0,0,2014
Czech Republic,110,0,0,0,0,0,2014
Gabon,110,0,0,0,0,0,2014
Taiwan,110,0,0,0,0,0,2014
Poland,110,0,0,0,0,0,2014
Armenia,110,0,0,0,0,0,2014
Moldova,110,0,0,0,0,0,2014
Mauritius,110,0,0,0,0,0,2014
Togo,110,0,0,0,0,0,2014
Bolivia,110,0,0,0,0,0,2014
Bhutan,110,0,0,0,0,0,2014
Botswana,110,0,0,0,0,0,2014
Republic of the Congo,110,0,0,0,0,0,2014
Costa Rica,110,0,0,0,0,0,2014
Cuba,110,0,0,0,0,0,2014
Dominican Republic,110,0,0,0,0,0,2014
Ghana,110,0,0,0,0,0,2014
Guinea,110,0,0,0,0,0,2014
The Gambia,110,0,0,0,0,0,2014
Equatorial Guinea,110,0,0,0,0,0,2014
Guyana,110,0,0,0,0,0,2014
Haiti,110,0,0,0,0,0,2014
Iceland,110,0,0,0,0,0,2014
Jamaica,110,0,0,0,0,0,2014
South Korea,110,0,0,0,0,0,2014
Liberia,110,0,0,0,0,0,2014
Lesotho,110,0,0,0,0,0,2014
Latvia,110,0,0,0,0,0,2014
Mongolia,110,0,0,0,0,0,2014
Malawi,110,0,0,0,0,0,2014
Namibia,110,0,0,0,0,0,2014
Papua New Guinea,110,0,0,0,0,0,2014
North Korea,110,0,0,0,0,0,2014
Portugal,110,0,0,0,0,0,2014
Qatar,110,0,0,0,0,0,2014
Singapore,110,0,0,0,0,0,2014
Slovenia,110,0,0,0,0,0,2014
Eswatini,110,0,0,0,0,0,2014
Timor-Leste,110,0,0,0,0,0,2014
Trinidad and Tobago,110,0,0,0,0,0,2014
Zambia,110,0,0,0,0,0,2014
Zimbabwe,110,0,0,0,0,0,2014
Iraq,1,9.79372633,868,2974,4807,288,2015
Nigeria,2,9.112269511,138,2003,1846,8,2015
Afghanistan,3,8.864294012,312,1008,1835,361,2015
Pakistan,4,8.749125366,294,658,1004,35,2015
Yemen,5,8.040714765,93,458,748,13,2015
Syria,6,8.025665068,30,226,450,201,2015
Egypt,7,7.839074178,257,481,647,41,2015
Somalia,8,7.6986338,99,335,247,5,2015
Turkey,9,7.503475289,224,286,933,44,2015
India,10,7.432510613,169,135,241,336,2015
Cameroon,11,7.394734608,44,292,876,122,2015
Kenya,12,7.272043998,30,205,142,1,2015
Thailand,13,7.245110641,131,83,415,0,2015
Libya,14,7.182860501,80,234,181,91,2015
Colombia,15,7.102306592,190,103,158,7,2015
Mali,16,6.884358508,85,181,204,18,2015
Chad,17,6.736976178,16,172,416,30,2015
France,18,6.654602759,10,145,445,15,2015
Niger,19,6.64669567,25,202,50,0,2015
Philippines,20,6.636950078,44,38,148,12,2015
China,21,6.618601375,6,126,109,0,2015
Lebanon,22,6.594471488,12,60,284,4,2015
Russia,23,6.396452922,24,11,25,0,2015
Tunisia,24,6.284296299,19,99,106,0,2015
Saudi Arabia,25,5.858691864,17,60,113,0,2015
Algeria,26,5.794740634,12,22,14,0,2015
Palestine,27,5.75189285,106,17,134,6,2015
Kuwait,28,5.57008094,1,27,227,0,2015
Israel,29,5.548433818,45,9,123,0,2015
Bangladesh,30,5.406431664,24,17,137,0,2015
Ukraine,31,5.384660936,56,10,125,2,2015
United States of America,32,5.329622954,4,26,28,0,2015
Democratic Republic of the Congo,33,5.29922421,7,24,8,19,2015
Iran,34,5.268695571,10,28,10,4,2015
Central African Republic,35,5.172244048,6,30,21,8,2015
Burundi,36,5.149441343,12,20,80,0,2015
Indonesia,37,4.731286752,8,10,3,0,2015
United Kingdom,38,4.527974544,25,1,8,0,2015
Bahrain,39,4.505123485,3,2,9,0,2015
Myanmar,40,4.499909594,6,6,14,0,2015
Peru,41,4.491309379,3,7,6,0,2015
Sudan,42,4.475316687,7,5,11,3,2015
Paraguay,43,4.386806523,8,9,0,1,2015
Ethiopia,44,4.300853799,2,1,24,0,2015
South Sudan,45,4.072765431,6,1,0,31,2015
Macedonia (FYR),46,3.997943517,1,5,30,0,2015
Chile,47,3.851079063,12,0,0,0,2015
Norway,48,3.784120957,0,0,0,0,2015
Tanzania,49,3.69119111,5,0,5,0,2015
Turkmenistan,50,3.651537525,1,3,2,0,2015
Germany,51,3.628406486,3,5,1,0,2015
Burkina Faso,52,3.4717775,3,4,3,1,2015
Bosnia and Herzegovina,53,3.413672586,3,3,7,0,2015
Nepal,54,3.367379291,2,0,0,0,2015
Jordan,55,3.336906772,2,4,0,0,2015
Nicaragua,56,3.307211416,0,0,0,0,2015
Uganda,57,3.24457465,2,3,4,0,2015
Greece,58,3.152556982,3,0,1,0,2015
Madagascar,59,3.13199292,0,0,0,0,2015
Rwanda,59,3.13199292,0,0,0,0,2015
Sweden,61,3.064697359,1,3,1,0,2015
Denmark,61,3.064697359,2,2,5,0,2015
Mozambique,63,3.002529836,0,0,0,0,2015
Cote d' Ivoire,64,2.807540395,0,0,0,0,2015
Malaysia,65,2.804168881,1,0,0,2,2015
Australia,66,2.783659012,1,1,0,0,2015
Belarus,67,2.773218736,0,0,0,0,2015
Belgium,68,2.762650878,2,0,0,0,2015
Mexico,69,2.573215042,5,0,0,0,2015
Bulgaria,70,2.499571226,0,0,0,0,2015
Canada,71,2.489908641,1,0,0,0,2015
Venezuela,72,2.460255715,1,1,0,0,2015
Georgia,73,2.439906722,0,0,0,0,2015
Kosovo,74,2.318526761,1,0,0,0,2015
Morocco,75,2.282236444,0,0,0,0,2015
United Arab Emirates,76,2.269793175,1,0,1,0,2015
Kazakhstan,77,2.218148441,0,0,0,0,2015
Djibouti,78,2.104570079,0,0,0,0,2015
Italy,79,2.096950714,2,0,0,0,2015
Guatemala,80,2.04164835,0,0,0,0,2015
Kyrgyz Republic,81,1.819639004,0,0,0,0,2015
Ireland,82,1.730864483,0,0,0,0,2015
Brazil,82,1.730864483,2,0,0,0,2015
Czech Republic,82,1.730864483,2,0,0,0,2015
South Korea,85,1.520181983,1,0,1,0,2015
Mauritania,86,1.408954665,0,0,0,0,2015
Ecuador,87,1.391829506,1,0,0,0,2015
Spain,88,1.281280191,0,0,0,0,2015
Uzbekistan,88,1.281280191,1,0,0,0,2015
Japan,90,1.24105004,1,0,0,0,2015
South Africa,90,1.24105004,1,0,0,0,2015
Angola,90,1.24105004,0,0,0,0,2015
Serbia,90,1.24105004,0,0,0,0,2015
Argentina,94,1.154498636,0,0,0,0,2015
Tajikistan,95,1.10774172,0,0,0,0,2015
Sierra Leone,96,0.890406939,0,0,0,0,2015
Hungary,97,0.826318935,0,0,0,0,2015
Guinea-Bissau,97,0.826318935,0,0,0,0,2015
Sri Lanka,99,0.757098619,0,0,0,0,2015
Azerbaijan,100,0.68185185,0,0,0,0,2015
Croatia,100,0.68185185,0,0,0,0,2015
Cambodia,102,0.599428341,0,0,0,0,2015
Estonia,103,0.555070295,0,0,0,0,2015
Switzerland,104,0.406455517,0,0,0,0,2015
Cyprus,105,0.157670278,0,0,0,0,2015
New Zealand,106,0,0,0,0,0,2015
Austria,106,0,0,0,0,0,2015
Senegal,106,0,0,0,0,0,2015
Laos,106,0,0,0,0,0,2015
Benin,106,0,0,0,0,0,2015
Netherlands,106,0,0,0,0,0,2015
Uruguay,106,0,0,0,0,0,2015
Romania,106,0,0,0,0,0,2015
Finland,106,0,0,0,0,0,2015
Lithuania,106,0,0,0,0,0,2015
Vietnam,106,0,0,0,0,0,2015
Gabon,106,0,0,0,0,0,2015
Taiwan,106,0,0,0,0,0,2015
Poland,106,0,0,0,0,0,2015
Armenia,106,0,0,0,0,0,2015
Moldova,106,0,0,0,0,0,2015
Mauritius,106,0,0,0,0,0,2015
Togo,106,0,0,0,0,0,2015
Albania,106,0,0,0,0,0,2015
Bolivia,106,0,0,0,0,0,2015
Bhutan,106,0,0,0,0,0,2015
Botswana,106,0,0,0,0,0,2015
Republic of the Congo,106,0,0,0,0,0,2015
Costa Rica,106,0,0,0,0,0,2015
Cuba,106,0,0,0,0,0,2015
Dominican Republic,106,0,0,0,0,0,2015
Eritrea,106,0,0,0,0,0,2015
Ghana,106,0,0,0,0,0,2015
Guinea,106,0,0,0,0,0,2015
The Gambia,106,0,0,0,0,0,2015
Equatorial Guinea,106,0,0,0,0,0,2015
Guyana,106,0,0,0,0,0,2015
Honduras,106,0,0,0,0,0,2015
Haiti,106,0,0,0,0,0,2015
Iceland,106,0,0,0,0,0,2015
Jamaica,106,0,0,0,0,0,2015
Liberia,106,0,0,0,0,0,2015
Lesotho,106,0,0,0,0,0,2015
Latvia,106,0,0,0,0,0,2015
Montenegro,106,0,0,0,0,0,2015
Mongolia,106,0,0,0,0,0,2015
Malawi,106,0,0,0,0,0,2015
Namibia,106,0,0,0,0,0,2015
Oman,106,0,0,0,0,0,2015
Panama,106,0,0,0,0,0,2015
Papua New Guinea,106,0,0,0,0,0,2015
North Korea,106,0,0,0,0,0,2015
Portugal,106,0,0,0,0,0,2015
Qatar,106,0,0,0,0,0,2015
Singapore,106,0,0,0,0,0,2015
El Salvador,106,0,0,0,0,0,2015
Slovakia,106,0,0,0,0,0,2015
Slovenia,106,0,0,0,0,0,2015
Eswatini,106,0,0,0,0,0,2015
Timor-Leste,106,0,0,0,0,0,2015
Trinidad and Tobago,106,0,0,0,0,0,2015
Zambia,106,0,0,0,0,0,2015
Zimbabwe,106,0,0,0,0,0,2015
Iraq,1,10,1545,4514,4514,20,2016
Nigeria,2,8.760688412,147,518,518,108,2016
Afghanistan,3,8.713573211,179,643,643,153,2016
Pakistan,4,8.600831189,247,631,631,31,2016
Somalia,5,8.18490876,292,760,760,4,2016
Turkey,6,8.173357275,247,591,591,7,2016
Syria,7,8.098809039,26,531,531,0,2016
Egypt,8,7.892519323,221,349,349,0,2016
Yemen,9,7.889900965,52,342,342,0,2016
India,10,7.520602762,250,216,216,4,2016
Cameroon,11,7.26428119,35,148,148,5,2016
Thailand,12,7.107054162,152,67,67,0,2016
Mali,13,7.040009859,93,144,144,5,2016
Kenya,14,6.909281001,35,54,54,4,2016
Libya,15,6.899552206,12,81,81,0,2016
France,16,6.830356595,9,90,90,0,2016
Colombia,17,6.821868204,104,44,44,13,2016
Philippines,18,6.775703909,62,91,91,32,2016
Niger,19,6.675290324,18,108,108,1,2016
Chad,20,6.277140694,5,11,11,0,2016
Lebanon,21,6.175419829,12,13,13,0,2016
China,22,6.054938254,2,3,3,0,2016
Tunisia,23,6.034786069,12,28,28,1,2016
Russia,24,6.029369731,23,19,19,0,2016
United States of America,25,5.880445725,8,49,49,0,2016
Palestine,26,5.820829387,92,6,6,0,2016
Belgium,27,5.773636587,5,32,32,0,2016
Saudi Arabia,28,5.754013944,29,22,22,0,2016
Bangladesh,29,5.750886302,24,42,42,0,2016
Burkina Faso,30,5.61260263,6,53,53,2,2016
Israel,31,5.433179104,25,9,9,0,2016
Algeria,32,5.345504394,6,11,11,0,2016
Central African Republic,33,5.297713655,1,14,14,0,2016
Germany,34,5.201882245,29,15,15,0,2016
Democratic Republic of the Congo,35,5.024652847,3,4,4,3,2016
Kuwait,36,4.980799319,1,0,0,0,2016
United Kingdom,37,4.965950375,44,6,6,0,2016
Ukraine,38,4.935464983,12,1,1,0,2016
Iran,39,4.851027987,2,5,5,0,2016
Indonesia,40,4.804834041,10,8,8,0,2016
Cote d' Ivoire,41,4.779746186,1,19,19,0,2016
Jordan,42,4.746076053,3,16,16,0,2016
Myanmar,43,4.607086355,9,10,10,0,2016
Burundi,44,4.521970621,2,0,0,0,2016
Peru,45,4.519650276,1,10,10,0,2016
Paraguay,46,4.467454885,5,8,8,1,2016
Madagascar,47,4.438851662,1,2,2,0,2016
Mozambique,48,4.426001614,8,7,7,0,2016
Bahrain,49,4.384093021,9,3,3,0,2016
Laos,50,4.274728827,4,11,11,0,2016
Chile,51,4.137298515,23,0,0,0,2016
Kazakhstan,52,4.040217776,2,10,10,0,2016
Sudan,53,3.82137931,0,0,0,0,2016
Ethiopia,54,3.700826778,0,0,0,0,2016
South Sudan,55,3.481093126,0,0,0,0,2016
Malaysia,56,3.438359104,4,0,0,9,2016
Nepal,57,3.436735081,10,0,0,0,2016
Macedonia (FYR),58,3.406968736,0,0,0,0,2016
Greece,59,3.365616207,9,0,0,0,2016
Mexico,60,3.219864618,6,1,1,0,2016
Tanzania,61,3.177044371,1,0,0,0,2016
Austria,62,3.141192925,2,2,2,0,2016
Turkmenistan,63,3.064697359,0,0,0,0,2016
Kosovo,64,2.850214327,6,0,0,0,2016
Bosnia and Herzegovina,65,2.824203575,0,0,0,0,2016
Sweden,66,2.755533206,2,0,0,0,2016
Canada,67,2.741119667,3,0,0,0,2016
Nicaragua,68,2.72646182,0,0,0,0,2016
Uganda,69,2.665211995,0,0,0,0,2016
Australia,70,2.632879546,2,0,0,0,2016
Georgia,71,2.590686188,1,0,0,0,2016
Rwanda,72,2.555383641,0,0,0,0,2016
Denmark,73,2.489908641,0,0,0,0,2016
Italy,74,2.485036559,4,0,0,0,2016
Kyrgyz Republic,75,2.38683533,2,0,0,0,2016
Venezuela,76,2.163222537,1,0,0,0,2016
Bulgaria,77,1.937748474,0,0,0,0,2016
Hungary,78,1.819639004,1,0,0,0,2016
Brazil,79,1.730864483,1,0,0,0,2016
United Arab Emirates,79,1.730864483,0,0,0,0,2016
Czech Republic,79,1.730864483,1,0,0,0,2016
Ireland,82,1.707170061,1,0,0,0,2016
Djibouti,83,1.577856169,0,0,0,0,2016
Spain,84,1.520181983,1,0,0,0,2016
Poland,84,1.520181983,1,0,0,0,2016
Guatemala,84,1.520181983,0,0,0,0,2016
Argentina,87,1.458384821,1,0,0,0,2016
Cyprus,88,1.24105004,1,0,0,0,2016
Armenia,88,1.24105004,1,0,0,0,2016
Azerbaijan,88,1.24105004,1,0,0,0,2016
Moldova,88,1.24105004,1,0,0,0,2016
Mauritius,88,1.24105004,1,0,0,0,2016
South Korea,93,1.058311564,0,0,0,0,2016
Ecuador,94,0.950071442,0,0,0,0,2016
Japan,95,0.826318935,0,0,0,0,2016
South Africa,95,0.826318935,0,0,0,0,2016
Angola,95,0.826318935,0,0,0,0,2016
Uzbekistan,95,0.826318935,0,0,0,0,2016
Serbia,95,0.826318935,0,0,0,0,2016
Tajikistan,100,0.68185185,0,0,0,0,2016
Sierra Leone,101,0.555070295,0,0,0,0,2016
Guinea-Bissau,102,0.508313379,0,0,0,0,2016
Sri Lanka,103,0.458883223,0,0,0,0,2016
Croatia,104,0.406455517,0,0,0,0,2016
Cambodia,105,0.350643101,0,0,0,0,2016
Switzerland,106,0,0,0,0,0,2016
New Zealand,106,0,0,0,0,0,2016
Senegal,106,0,0,0,0,0,2016
Benin,106,0,0,0,0,0,2016
Netherlands,106,0,0,0,0,0,2016
Uruguay,106,0,0,0,0,0,2016
Morocco,106,0,0,0,0,0,2016
Norway,106,0,0,0,0,0,2016
Romania,106,0,0,0,0,0,2016
Finland,106,0,0,0,0,0,2016
Lithuania,106,0,0,0,0,0,2016
Mauritania,106,0,0,0,0,0,2016
Vietnam,106,0,0,0,0,0,2016
Gabon,106,0,0,0,0,0,2016
Taiwan,106,0,0,0,0,0,2016
Togo,106,0,0,0,0,0,2016
Albania,106,0,0,0,0,0,2016
Belarus,106,0,0,0,0,0,2016
Bolivia,106,0,0,0,0,0,2016
Bhutan,106,0,0,0,0,0,2016
Botswana,106,0,0,0,0,0,2016
Republic of the Congo,106,0,0,0,0,0,2016
Costa Rica,106,0,0,0,0,0,2016
Cuba,106,0,0,0,0,0,2016
Dominican Republic,106,0,0,0,0,0,2016
Eritrea,106,0,0,0,0,0,2016
Estonia,106,0,0,0,0,0,2016
Ghana,106,0,0,0,0,0,2016
Guinea,106,0,0,0,0,0,2016
The Gambia,106,0,0,0,0,0,2016
Equatorial Guinea,106,0,0,0,0,0,2016
Guyana,106,0,0,0,0,0,2016
Honduras,106,0,0,0,0,0,2016
Haiti,106,0,0,0,0,0,2016
Iceland,106,0,0,0,0,0,2016
Jamaica,106,0,0,0,0,0,2016
Liberia,106,0,0,0,0,0,2016
Lesotho,106,0,0,0,0,0,2016
Latvia,106,0,0,0,0,0,2016
Montenegro,106,0,0,0,0,0,2016
Mongolia,106,0,0,0,0,0,2016
Malawi,106,0,0,0,0,0,2016
Namibia,106,0,0,0,0,0,2016
Oman,106,0,0,0,0,0,2016
Panama,106,0,0,0,0,0,2016
Papua New Guinea,106,0,0,0,0,0,2016
North Korea,106,0,0,0,0,0,2016
Portugal,106,0,0,0,0,0,2016
Qatar,106,0,0,0,0,0,2016
Singapore,106,0,0,0,0,0,2016
El Salvador,106,0,0,0,0,0,2016
Slovakia,106,0,0,0,0,0,2016
Slovenia,106,0,0,0,0,0,2016
Eswatini,106,0,0,0,0,0,2016
Timor-Leste,106,0,0,0,0,0,2016
Trinidad and Tobago,106,0,0,0,0,0,2016
Zambia,106,0,0,0,0,0,2016
Zimbabwe,106,0,0,0,0,0,2016
Iraq,1,9.742263973,1194,1732,3708,69,2017
Afghanistan,2,8.852158257,314,1256,2168,74,2017
Somalia,3,8.735835876,439,1535,1205,24,2017
Nigeria,4,8.643886656,186,794,798,99,2017
Pakistan,5,8.525636808,259,632,1465,22,2017
Egypt,6,8.179634881,160,703,601,9,2017
Syria,7,7.963508012,25,376,545,0,2017
Turkey,8,7.834440008,113,154,307,4,2017
India,9,7.711424486,432,243,483,38,2017
Mali,10,7.505051778,191,296,404,47,2017
Yemen,11,7.497006727,44,120,129,0,2017
Cameroon,12,7.274045966,87,170,194,33,2017
Philippines,13,7.054331954,154,129,278,66,2017
Kenya,14,6.959313553,59,143,77,16,2017
Thailand,15,6.901270062,92,51,236,4,2017
Colombia,16,6.737977426,95,57,200,4,2017
United States of America,17,6.614035211,20,74,547,0,2017
Niger,18,6.592613173,14,74,63,40,2017
Libya,19,6.453414987,14,15,57,12,2017
France,20,6.341824367,41,3,17,0,2017
Burkina Faso,21,6.219222904,60,72,65,7,2017
United Kingdom,22,6.026364015,64,37,218,0,2017
Russia,23,5.882946794,12,30,78,0,2017
Chad,24,5.814926345,1,9,20,0,2017
Ethiopia,25,5.738034244,30,54,74,0,2017
Palestine,26,5.736783969,50,13,36,0,2017
Lebanon,27,5.638090911,4,3,8,0,2017
China,28,5.623173678,4,10,8,0,2017
Tunisia,29,5.618230507,16,5,17,0,2017
Bangladesh,30,5.593618784,20,11,57,0,2017
Israel,31,5.363029185,45,5,29,0,2017
Saudi Arabia,32,5.336877965,6,5,15,0,2017
Belgium,33,5.219437839,6,0,1,0,2017
Iran,34,5.168741088,7,17,47,0,2017
Burundi,35,5.15190546,4,13,97,0,2017
Spain,36,5.146520125,3,16,136,0,2017
Algeria,37,5.032906221,8,7,16,0,2017
Indonesia,38,4.879077764,17,6,29,0,2017
Germany,39,4.868587825,16,1,8,0,2017
Myanmar,40,4.834719718,5,15,5,0,2017
Mozambique,41,4.792720021,8,12,15,4,2017
Nepal,42,4.776644716,53,1,31,0,2017
Central African Republic,43,4.697529046,0,0,0,0,2017
Ukraine,44,4.604141304,6,3,5,0,2017
Bahrain,45,4.585396304,14,4,25,0,2017
Chile,46,4.529354165,37,0,6,0,2017
Kuwait,47,4.383549298,0,0,0,0,2017
Democratic Republic of the Congo,48,4.350283954,0,0,0,0,2017
Canada,49,4.245878838,8,6,25,0,2017
Peru,50,4.233028791,2,4,0,0,2017
Greece,51,4.208740807,29,0,8,0,2017
Cote d' Ivoire,52,4.155896916,0,0,0,0,2017
Jordan,53,4.147362712,0,0,0,0,2017
Mexico,54,3.950808962,8,5,1,0,2017
Paraguay,55,3.903802819,1,0,0,0,2017
Madagascar,56,3.841970576,0,0,0,0,2017
Sweden,57,3.787378182,8,4,2,0,2017
Laos,58,3.681446868,0,0,0,0,2017
Sudan,59,3.613960113,3,2,0,0,2017
Kazakhstan,60,3.446433788,0,0,0,0,2017
Argentina,61,3.11329398,9,0,3,0,2017
Finland,62,3.103790672,1,2,8,0,2017
Macedonia (FYR),63,2.923858144,1,0,0,0,2017
Australia,64,2.900000291,1,1,3,0,2017
South Sudan,65,2.896971243,0,0,0,0,2017
Malaysia,66,2.843784615,0,0,0,0,2017
Italy,67,2.783659012,5,0,0,0,2017
Tanzania,68,2.599291157,0,0,0,0,2017
Austria,69,2.5643453,0,0,0,0,2017
Turkmenistan,70,2.489908641,0,0,0,0,2017
Tajikistan,71,2.306598402,1,1,0,0,2017
Netherlands,72,2.269793175,1,1,0,0,2017
Bosnia and Herzegovina,73,2.257168246,0,0,0,0,2017
Kosovo,74,2.244356274,0,0,0,0,2017
Nicaragua,75,2.163222537,0,0,0,0,2017
Uganda,76,2.104570079,0,0,0,0,2017
Czech Republic,77,2.04164835,2,0,0,0,2017
Denmark,78,1.937748474,0,0,0,0,2017
Rwanda,78,1.937748474,0,0,0,0,2017
Kyrgyz Republic,80,1.840478381,0,0,0,0,2017
Georgia,81,1.742472607,0,0,0,0,2017
Uruguay,82,1.730864483,2,0,0,0,2017
Cyprus,82,1.730864483,1,0,1,0,2017
Gabon,82,1.730864483,1,0,2,0,2017
Venezuela,85,1.631923292,0,0,0,0,2017
Sri Lanka,86,1.520181983,1,0,1,0,2017
Taiwan,86,1.520181983,1,0,1,0,2017
Hungary,88,1.319721733,0,0,0,0,2017
Switzerland,89,1.24105004,1,0,0,0,2017
Brazil,89,1.24105004,0,0,0,0,2017
Norway,89,1.24105004,1,0,0,0,2017
United Arab Emirates,89,1.24105004,0,0,0,0,2017
Ireland,93,1.198856682,0,0,0,0,2017
Djibouti,94,1.10774172,0,0,0,0,2017
Poland,95,1.058311564,0,0,0,0,2017
Armenia,96,0.826318935,0,0,0,0,2017
Azerbaijan,96,0.826318935,0,0,0,0,2017
Moldova,96,0.826318935,0,0,0,0,2017
Mauritius,96,0.826318935,0,0,0,0,2017
South Korea,100,0.68185185,0,0,0,0,2017
Ecuador,101,0.599428341,0,0,0,0,2017
South Africa,102,0.508313379,0,0,0,0,2017
Angola,102,0.508313379,0,0,0,0,2017
Japan,102,0.508313379,0,0,0,0,2017
Uzbekistan,102,0.508313379,0,0,0,0,2017
Serbia,106,0.290978598,0,0,0,0,2017
Croatia,107,0.226890594,0,0,0,0,2017
Senegal,108,0,0,0,0,0,2017
Morocco,108,0,0,0,0,0,2017
Romania,108,0,0,0,0,0,2017
Mauritania,108,0,0,0,0,0,2017
Vietnam,108,0,0,0,0,0,2017
New Zealand,108,0,0,0,0,0,2017
Benin,108,0,0,0,0,0,2017
Lithuania,108,0,0,0,0,0,2017
Togo,108,0,0,0,0,0,2017
Albania,108,0,0,0,0,0,2017
Bulgaria,108,0,0,0,0,0,2017
Belarus,108,0,0,0,0,0,2017
Bolivia,108,0,0,0,0,0,2017
Bhutan,108,0,0,0,0,0,2017
Botswana,108,0,0,0,0,0,2017
Republic of the Congo,108,0,0,0,0,0,2017
Costa Rica,108,0,0,0,0,0,2017
Cuba,108,0,0,0,0,0,2017
Dominican Republic,108,0,0,0,0,0,2017
Eritrea,108,0,0,0,0,0,2017
Estonia,108,0,0,0,0,0,2017
Ghana,108,0,0,0,0,0,2017
Guinea,108,0,0,0,0,0,2017
The Gambia,108,0,0,0,0,0,2017
Guinea-Bissau,108,0,0,0,0,0,2017
Equatorial Guinea,108,0,0,0,0,0,2017
Guatemala,108,0,0,0,0,0,2017
Guyana,108,0,0,0,0,0,2017
Honduras,108,0,0,0,0,0,2017
Haiti,108,0,0,0,0,0,2017
Iceland,108,0,0,0,0,0,2017
Jamaica,108,0,0,0,0,0,2017
Cambodia,108,0,0,0,0,0,2017
Liberia,108,0,0,0,0,0,2017
Lesotho,108,0,0,0,0,0,2017
Latvia,108,0,0,0,0,0,2017
Montenegro,108,0,0,0,0,0,2017
Mongolia,108,0,0,0,0,0,2017
Malawi,108,0,0,0,0,0,2017
Namibia,108,0,0,0,0,0,2017
Oman,108,0,0,0,0,0,2017
Panama,108,0,0,0,0,0,2017
Papua New Guinea,108,0,0,0,0,0,2017
North Korea,108,0,0,0,0,0,2017
Portugal,108,0,0,0,0,0,2017
Qatar,108,0,0,0,0,0,2017
Singapore,108,0,0,0,0,0,2017
Sierra Leone,108,0,0,0,0,0,2017
El Salvador,108,0,0,0,0,0,2017
Slovakia,108,0,0,0,0,0,2017
Slovenia,108,0,0,0,0,0,2017
Eswatini,108,0,0,0,0,0,2017
Timor-Leste,108,0,0,0,0,0,2017
Trinidad and Tobago,108,0,0,0,0,0,2017
Zambia,108,0,0,0,0,0,2017
Zimbabwe,108,0,0,0,0,0,2017
Iraq,1,9.421871014,967,1083,1909,98,2018
Afghanistan,2,9.066528918,379,1624,2882,466,2018
Somalia,3,8.67458,408,833,819,15,2018
Nigeria,4,8.506472221,151,642,611,259,2018
Pakistan,5,8.373673144,222,502,1014,3,2018
India,6,7.895785847,542,312,484,66,2018
Egypt,7,7.851519019,117,185,174,0,2018
Syria,8,7.821796146,26,323,393,0,2018
Mali,9,7.708183406,207,340,336,30,2018
Cameroon,10,7.623656579,276,279,287,293,2018
Turkey,11,7.410756335,66,66,93,0,2018
Philippines,12,7.195733111,189,124,332,64,2018
Yemen,13,7.185718757,45,92,145,18,2018
Colombia,14,7.059324909,233,131,185,49,2018
Burkina Faso,15,6.852426262,137,144,140,33,2018
Libya,16,6.764720632,32,113,262,31,2018
Kenya,17,6.675943301,35,57,58,0,2018
Thailand,18,6.661657848,100,35,115,0,2018
Niger,19,6.548820157,26,63,77,70,2018
Mozambique,20,6.443123287,52,141,43,3,2018
United States of America,21,6.149910343,9,14,14,0,2018
Iran,22,6.009186773,16,61,120,14,2018
France,23,5.9908987,26,10,39,8,2018
Indonesia,24,5.846154097,27,61,34,0,2018
Chad,25,5.836680692,5,40,13,10,2018
United Kingdom,26,5.690406115,46,1,22,0,2018
Palestine,27,5.673072112,52,10,40,1,2018
Tunisia,28,5.523178424,18,16,37,0,2018
Tajikistan,29,5.466773648,2,56,3,0,2018
Russia,30,5.426040065,14,8,17,0,2018
Israel,31,5.365304265,52,3,35,0,2018
Nepal,32,5.253912437,78,3,20,0,2018
Ethiopia,33,5.158146256,2,0,2,0,2018
Venezuela,34,5.128322877,5,34,19,0,2018
Chile,35,5.122556805,81,1,7,0,2018
Algeria,36,5.113016419,8,18,15,0,2018
Lebanon,37,5.071068706,2,4,2,0,2018
Bangladesh,38,5.033162874,2,1,1,0,2018
China,39,5.011334025,0,0,0,0,2018
Saudi Arabia,40,4.961780013,2,6,4,0,2018
Germany,41,4.913349305,47,0,2,0,2018
Myanmar,42,4.795426728,7,5,34,0,2018
Belgium,43,4.778713598,2,3,3,1,2018
Canada,44,4.71438713,2,12,27,0,2018
Spain,45,4.577609227,2,0,0,0,2018
Burundi,46,4.554711148,0,0,0,0,2018
Greece,47,4.491789419,32,0,9,0,2018
Ecuador,48,4.334311083,8,6,39,2,2018
Ukraine,49,4.329113652,8,1,7,0,2018
Peru,50,4.217352368,4,4,10,0,2018
Central African Republic,51,4.101875449,0,0,0,0,2018
Bahrain,52,3.952601279,0,0,0,0,2018
Jordan,53,3.904749499,1,2,5,0,2018
Mexico,54,3.796004611,7,1,0,0,2018
Kuwait,55,3.78954287,0,0,0,0,2018
Paraguay,56,3.676533262,3,1,2,4,2018
Democratic Republic of the Congo,57,3.607312946,0,0,0,0,2018
Italy,58,3.577442738,12,0,7,0,2018
Cote d' Ivoire,59,3.5493626,0,0,0,0,2018
Argentina,60,3.393403089,10,0,0,0,2018
Sweden,61,3.264640336,1,0,0,0,2018
Madagascar,62,3.2466023,0,0,0,0,2018
Senegal,63,3.24457465,2,3,4,0,2018
Sri Lanka,64,3.122693988,2,2,5,0,2018
Laos,65,3.09418177,0,0,0,0,2018
Australia,66,3.089336982,2,1,3,0,2018
Malaysia,67,2.935544704,2,0,0,6,2018
Sudan,68,2.887819917,0,0,0,0,2018
Kazakhstan,69,2.86293209,0,0,0,0,2018
South Africa,70,2.850214327,4,1,2,0,2018
Morocco,71,2.72646182,1,2,0,0,2018
Romania,72,2.599291157,1,0,10,0,2018
Finland,73,2.527927612,0,0,0,0,2018
Netherlands,74,2.45014107,2,0,2,0,2018
Macedonia (FYR),75,2.353355318,0,0,0,0,2018
Austria,76,2.341900948,1,0,1,0,2018
South Sudan,77,2.17728451,0,0,0,0,2018
Switzerland,78,2.163222537,3,0,0,0,2018
Tanzania,79,2.025175617,0,0,0,0,2018
Kosovo,80,1.982566394,1,0,0,0,2018
Turkmenistan,81,1.937748474,0,0,0,0,2018
Denmark,82,1.840478381,1,0,0,0,2018
Mauritania,83,1.730864483,1,0,2,0,2018
Bosnia and Herzegovina,84,1.707170061,0,0,0,0,2018
Nicaragua,85,1.631923292,0,0,0,0,2018
Uganda,86,1.577856169,0,0,0,0,2018
Brazil,87,1.520181983,1,0,0,0,2018
Vietnam,87,1.520181983,1,0,1,0,2018
Czech Republic,87,1.520181983,0,0,0,0,2018
Angola,90,1.319721733,1,0,0,0,2018
Uruguay,91,1.24105004,0,0,0,0,2018
Cyprus,91,1.24105004,0,0,0,0,2018
Gabon,91,1.24105004,0,0,0,0,2018
Georgia,94,1.154498636,0,0,0,0,2018
Kyrgyz Republic,94,1.154498636,0,0,0,0,2018
Taiwan,96,1.058311564,0,0,0,0,2018
Hungary,97,0.890406939,0,0,0,0,2018
Norway,98,0.826318935,0,0,0,0,2018
United Arab Emirates,98,0.826318935,0,0,0,0,2018
Ireland,100,0.757098619,0,0,0,0,2018
Djibouti,101,0.720293392,0,0,0,0,2018
Poland,102,0.68185185,0,0,0,0,2018
Armenia,103,0.508313379,0,0,0,0,2018
Azerbaijan,103,0.508313379,0,0,0,0,2018
Moldova,103,0.508313379,0,0,0,0,2018
Mauritius,103,0.508313379,0,0,0,0,2018
South Korea,107,0.406455517,0,0,0,0,2018
Japan,108,0.290978598,0,0,0,0,2018
Uzbekistan,108,0.290978598,0,0,0,0,2018
New Zealand,110,0,0,0,0,0,2018
Benin,110,0,0,0,0,0,2018
Rwanda,110,0,0,0,0,0,2018
Lithuania,110,0,0,0,0,0,2018
Togo,110,0,0,0,0,0,2018
Albania,110,0,0,0,0,0,2018
Bulgaria,110,0,0,0,0,0,2018
Belarus,110,0,0,0,0,0,2018
Bolivia,110,0,0,0,0,0,2018
Bhutan,110,0,0,0,0,0,2018
Botswana,110,0,0,0,0,0,2018
Republic of the Congo,110,0,0,0,0,0,2018
Costa Rica,110,0,0,0,0,0,2018
Cuba,110,0,0,0,0,0,2018
Dominican Republic,110,0,0,0,0,0,2018
Eritrea,110,0,0,0,0,0,2018
Estonia,110,0,0,0,0,0,2018
Ghana,110,0,0,0,0,0,2018
Guinea,110,0,0,0,0,0,2018
The Gambia,110,0,0,0,0,0,2018
Guinea-Bissau,110,0,0,0,0,0,2018
Equatorial Guinea,110,0,0,0,0,0,2018
Guatemala,110,0,0,0,0,0,2018
Guyana,110,0,0,0,0,0,2018
Honduras,110,0,0,0,0,0,2018
Croatia,110,0,0,0,0,0,2018
Haiti,110,0,0,0,0,0,2018
Iceland,110,0,0,0,0,0,2018
Jamaica,110,0,0,0,0,0,2018
Cambodia,110,0,0,0,0,0,2018
Liberia,110,0,0,0,0,0,2018
Lesotho,110,0,0,0,0,0,2018
Latvia,110,0,0,0,0,0,2018
Montenegro,110,0,0,0,0,0,2018
Mongolia,110,0,0,0,0,0,2018
Malawi,110,0,0,0,0,0,2018
Namibia,110,0,0,0,0,0,2018
Oman,110,0,0,0,0,0,2018
Panama,110,0,0,0,0,0,2018
Papua New Guinea,110,0,0,0,0,0,2018
North Korea,110,0,0,0,0,0,2018
Portugal,110,0,0,0,0,0,2018
Qatar,110,0,0,0,0,0,2018
Singapore,110,0,0,0,0,0,2018
Sierra Leone,110,0,0,0,0,0,2018
El Salvador,110,0,0,0,0,0,2018
Serbia,110,0,0,0,0,0,2018
Slovakia,110,0,0,0,0,0,2018
Slovenia,110,0,0,0,0,0,2018
Eswatini,110,0,0,0,0,0,2018
Timor-Leste,110,0,0,0,0,0,2018
Trinidad and Tobago,110,0,0,0,0,0,2018
Zambia,110,0,0,0,0,0,2018
Zimbabwe,110,0,0,0,0,0,2018
Afghanistan,1,9.039005605,380,1194,2727,2727,2019
Iraq,2,9.016501909,494,533,896,896,2019
Somalia,3,8.575458825,304,693,752,752,2019
Nigeria,4,8.389681794,158,688,312,312,2019
Pakistan,5,8.078639418,140,250,589,589,2019
Syria,6,7.919990341,151,368,894,894,2019
Burkina Faso,7,7.893449849,266,682,221,221,2019
Mali,8,7.824669382,152,389,324,324,2019
India,9,7.805154807,317,224,362,362,2019
Cameroon,10,7.784721091,222,288,210,210,2019
Egypt,11,7.579491016,84,151,218,218,2019
Colombia,12,7.354479771,342,154,374,374,2019
Mozambique,13,7.332351946,127,348,89,89,2019
Niger,14,7.227455671,82,282,100,100,2019
Philippines,15,7.179563929,133,114,299,299,2019
Turkey,16,7.042677264,54,51,93,93,2019
Yemen,17,6.847370911,18,75,60,60,2019
Sri Lanka,18,6.635180928,11,197,127,127,2019
Thailand,19,6.567257672,71,59,99,99,2019
Kenya,20,6.564117252,34,73,72,72,2019
Libya,21,6.30187131,9,20,20,20,2019
Chad,22,6.234581905,15,83,35,35,2019
Myanmar,23,6.0744006,34,65,47,47,2019
United States of America,24,6.041768977,24,31,62,62,2019
Iran,25,5.961931657,12,40,26,26,2019
France,26,5.618360953,25,4,22,22,2019
Nepal,27,5.511302646,94,4,17,17,2019
New Zealand,28,5.490988801,1,51,49,49,2019
Chile,29,5.48370374,103,1,27,27,2019
Indonesia,30,5.464750741,10,7,16,16,2019
Palestine,31,5.409592397,25,6,19,19,2019
United Kingdom,32,5.358637138,28,3,9,9,2019
Israel,33,5.263992406,37,4,25,25,2019
Tunisia,34,5.238265107,19,4,18,18,2019
Tajikistan,35,5.174861989,2,10,10,10,2019
Germany,36,4.915997982,26,3,22,22,2019
Russia,37,4.884884837,4,2,5,5,2019
Democratic Republic of the Congo,38,4.786257433,9,18,0,0,2019
Algeria,39,4.751068682,7,2,17,17,2019
Bangladesh,40,4.75071302,10,1,21,21,2019
Ethiopia,41,4.624137393,1,0,9,9,2019
Venezuela,42,4.531190243,0,0,0,0,2019
Lebanon,43,4.486976985,1,4,1,1,2019
Greece,44,4.482622776,26,0,3,3,2019
Saudi Arabia,45,4.479707743,5,0,6,6,2019
Italy,46,4.352541899,12,0,0,0,2019
China,47,4.178940787,0,0,0,0,2019
Belgium,48,4.175488517,0,0,0,0,2019
Canada,49,4.135851164,1,0,0,0,2019
Jordan,50,4.041026371,2,3,16,16,2019
Spain,51,4.034536343,2,0,0,0,2019
Burundi,52,3.959733627,0,0,0,0,2019
Ecuador,53,3.936335113,2,1,2,2,2019
Peru,54,3.852085221,1,2,0,0,2019
Ukraine,55,3.828642155,3,0,0,0,2019
Tanzania,56,3.732576628,1,6,7,7,2019
Mexico,57,3.628406486,7,0,2,2,2019
Netherlands,58,3.496399584,1,4,4,4,2019
Central African Republic,59,3.47333709,0,0,0,0,2019
Paraguay,60,3.349584583,4,0,0,0,2019
Bahrain,61,3.250643393,0,0,0,0,2019
Kuwait,62,3.200857428,0,0,0,0,2019
Argentina,63,3.002529836,2,0,0,0,2019
Cote d' Ivoire,64,2.964088295,0,0,0,0,2019
Sweden,65,2.800784171,1,0,0,0,2019
Senegal,66,2.665211995,0,0,0,0,2019
Australia,67,2.624603958,1,0,0,0,2019
Madagascar,68,2.581994735,0,0,0,0,2019
Japan,69,2.537176815,1,0,9,9,2019
Laos,70,2.518578415,0,0,0,0,2019
Benin,71,2.45014107,1,1,0,0,2019
Malaysia,72,2.306598402,0,0,0,0,2019
Kazakhstan,73,2.294503208,0,0,0,0,2019
South Africa,74,2.282236444,0,0,0,0,2019
Sudan,74,2.282236444,0,0,0,0,2019
Rwanda,76,2.269793175,2,0,4,4,2019
Morocco,77,2.163222537,0,0,0,0,2019
Norway,78,2.104570079,2,0,2,2,2019
Romania,79,2.04164835,0,0,0,0,2019
Brazil,80,1.973786701,2,0,0,0,2019
Finland,80,1.973786701,0,0,0,0,2019
Austria,82,1.798285023,0,0,0,0,2019
Macedonia (FYR),82,1.798285023,0,0,0,0,2019
Lithuania,84,1.730864483,2,0,0,0,2019
Switzerland,85,1.631923292,0,0,0,0,2019
South Sudan,86,1.534965117,0,0,0,0,2019
Kosovo,87,1.425747276,0,0,0,0,2019
Denmark,88,1.338320133,0,0,0,0,2019
Ireland,89,1.319721733,1,0,0,0,2019
Mauritania,90,1.24105004,0,0,0,0,2019
Bosnia and Herzegovina,91,1.220210663,0,0,0,0,2019
Uganda,92,1.10774172,0,0,0,0,2019
Vietnam,93,1.058311564,0,0,0,0,2019
Czech Republic,93,1.058311564,0,0,0,0,2019
Turkmenistan,95,1.005883858,0,0,0,0,2019
Angola,96,0.826318935,0,0,0,0,2019
Cyprus,96,0.826318935,0,0,0,0,2019
Gabon,96,0.826318935,0,0,0,0,2019
Uruguay,96,0.826318935,0,0,0,0,2019
Georgia,100,0.757098619,0,0,0,0,2019
Kyrgyz Republic,100,0.757098619,0,0,0,0,2019
Taiwan,102,0.68185185,0,0,0,0,2019
Hungary,103,0.508313379,0,0,0,0,2019
Poland,104,0.406455517,0,0,0,0,2019
Armenia,105,0.290978598,0,0,0,0,2019
Azerbaijan,105,0.290978598,0,0,0,0,2019
Mauritius,105,0.290978598,0,0,0,0,2019
Moldova,105,0.290978598,0,0,0,0,2019
South Korea,109,0.226890594,0,0,0,0,2019
United Arab Emirates,109,0.226890594,0,0,0,0,2019
Uzbekistan,111,0.157670278,0,0,0,0,2019
Albania,112,0,0,0,0,0,2019
Belarus,112,0,0,0,0,0,2019
Bhutan,112,0,0,0,0,0,2019
Bolivia,112,0,0,0,0,0,2019
Botswana,112,0,0,0,0,0,2019
Bulgaria,112,0,0,0,0,0,2019
Cambodia,112,0,0,0,0,0,2019
Costa Rica,112,0,0,0,0,0,2019
Croatia,112,0,0,0,0,0,2019
Cuba,112,0,0,0,0,0,2019
Djibouti,112,0,0,0,0,0,2019
Dominican Republic,112,0,0,0,0,0,2019
El Salvador,112,0,0,0,0,0,2019
Equatorial Guinea,112,0,0,0,0,0,2019
Eritrea,112,0,0,0,0,0,2019
Estonia,112,0,0,0,0,0,2019
Ghana,112,0,0,0,0,0,2019
Guatemala,112,0,0,0,0,0,2019
Guinea,112,0,0,0,0,0,2019
Guinea-Bissau,112,0,0,0,0,0,2019
Guyana,112,0,0,0,0,0,2019
Haiti,112,0,0,0,0,0,2019
Honduras,112,0,0,0,0,0,2019
Iceland,112,0,0,0,0,0,2019
Jamaica,112,0,0,0,0,0,2019
Latvia,112,0,0,0,0,0,2019
Lesotho,112,0,0,0,0,0,2019
Liberia,112,0,0,0,0,0,2019
Malawi,112,0,0,0,0,0,2019
Mongolia,112,0,0,0,0,0,2019
Montenegro,112,0,0,0,0,0,2019
Namibia,112,0,0,0,0,0,2019
Nicaragua,112,0,0,0,0,0,2019
North Korea,112,0,0,0,0,0,2019
Oman,112,0,0,0,0,0,2019
Panama,112,0,0,0,0,0,2019
Papua New Guinea,112,0,0,0,0,0,2019
Portugal,112,0,0,0,0,0,2019
Qatar,112,0,0,0,0,0,2019
Republic of the Congo,112,0,0,0,0,0,2019
Serbia,112,0,0,0,0,0,2019
Sierra Leone,112,0,0,0,0,0,2019
Singapore,112,0,0,0,0,0,2019
Slovakia,112,0,0,0,0,0,2019
Slovenia,112,0,0,0,0,0,2019
Eswatini,112,0,0,0,0,0,2019
The Gambia,112,0,0,0,0,0,2019
Timor-Leste,112,0,0,0,0,0,2019
Togo,112,0,0,0,0,0,2019
Trinidad and Tobago,112,0,0,0,0,0,2019
Zambia,112,0,0,0,0,0,2019
Zimbabwe,112,0,0,0,0,0,2019
Afghanistan,1,9.05633576,643,1292,2395,101,2020
Iraq,2,8.699259147,637,464,748,32,2020
Somalia,3,8.489522657,344,671,491,4,2020
Nigeria,4,8.434953887,142,865,204,419,2020
Syria,5,8.315132382,450,746,1076,15,2020
Burkina Faso,6,8.120392472,193,666,187,35,2020
Mali,7,7.92538498,222,404,398,93,2020
Pakistan,8,7.916045722,173,263,583,9,2020
Mozambique,9,7.881702832,198,564,173,219,2020
India,10,7.669323303,316,172,212,20,2020
Cameroon,11,7.632021997,119,222,104,130,2020
Niger,12,7.417721406,69,262,203,115,2020
Egypt,13,7.309144678,112,119,99,17,2020
Colombia,14,7.308849224,184,156,89,27,2020
Philippines,15,7.080553846,112,98,188,2,2020
Chad,16,6.650341912,11,143,100,11,2020
Turkey,17,6.484198276,16,17,14,2,2020
Kenya,18,6.371537605,43,46,53,1,2020
Thailand,19,6.178905935,24,14,76,0,2020
Yemen,20,6.158683622,3,4,0,1,2020
Democratic Republic of the Congo,21,6.072628247,18,96,10,5,2020
Sri Lanka,22,6.036154985,0,0,0,0,2020
Chile,23,5.987330439,198,6,26,0,2020
Myanmar,24,5.934769701,26,24,22,30,2020
Libya,25,5.633360717,6,1,4,0,2020
Iran,26,5.618100041,10,14,8,0,2020
United States of America,27,5.532879837,9,2,13,0,2020
Indonesia,28,5.376590741,21,13,22,0,2020
Nepal,29,5.25192212,29,5,0,0,2020
France,30,5.245722865,25,7,12,0,2020
Germany,31,5.124637022,28,11,21,0,2020
United Kingdom,32,5.021277283,14,3,10,0,2020
Palestine,33,4.979161972,21,0,7,0,2020
Israel,34,4.959826941,20,1,18,0,2020
New Zealand,35,4.893070487,0,0,0,0,2020
Tanzania,36,4.823347121,5,22,0,0,2020
Tunisia,37,4.749645155,6,3,5,6,2020
Greece,38,4.691073926,43,0,0,0,2020
Russia,39,4.684186163,6,7,2,0,2020
Tajikistan,40,4.577609227,0,0,0,0,2020
Bangladesh,41,4.417153226,5,1,19,1,2020
Ethiopia,42,4.352541899,1,0,29,0,2020
Algeria,43,4.326212635,2,3,0,0,2020
Cote d' Ivoire,44,4.277807479,2,11,8,0,2020
Lebanon,45,4.096586183,3,5,0,0,2020
Canada,46,4.010593069,4,3,1,0,2020
Venezuela,47,3.989406505,2,0,0,0,2020
Italy,48,3.949012924,6,0,0,0,2020
Saudi Arabia,49,3.856098185,4,0,6,0,2020
Austria,50,3.803482787,1,4,22,0,2020
Belgium,51,3.580201249,0,0,0,0,2020
Spain,52,3.443212956,0,0,0,0,2020
Jordan,53,3.426926367,0,0,0,0,2020
Ecuador,54,3.344173977,0,0,0,0,2020
Peru,55,3.207239688,0,0,0,0,2020
Burundi,56,3.145756483,0,0,0,0,2020
Switzerland,57,3.09418177,6,1,2,0,2020
Mexico,58,3.028978145,0,0,0,0,2020
Australia,59,3.021128237,1,2,0,0,2020
Netherlands,60,3.002529836,1,0,0,0,2020
Ukraine,61,2.958454449,1,0,0,0,2020
Paraguay,62,2.912011488,2,0,0,1,2020
Bahrain,63,2.616248412,0,0,0,0,2020
China,64,2.5643453,0,0,0,0,2020
Malaysia,65,2.532564579,1,0,0,5,2020
Central African Republic,66,2.460255715,0,0,0,0,2020
Argentina,67,2.429549804,0,0,0,0,2020
Sweden,68,2.163222537,0,0,0,0,2020
Senegal,69,2.104570079,0,0,0,0,2020
Madagascar,70,2.025175617,0,0,0,0,2020
Japan,71,1.973786701,0,0,0,0,2020
Laos,72,1.964916959,0,0,0,0,2020
Benin,73,1.900142885,0,0,0,0,2020
Uruguay,74,1.819639004,2,0,0,0,2020
Kazakhstan,75,1.753926977,0,0,0,0,2020
Rwanda,76,1.730864483,0,0,0,0,2020
South Africa,76,1.730864483,0,0,0,0,2020
Morocco,78,1.631923292,0,0,0,0,2020
Norway,79,1.577856169,0,0,0,0,2020
Romania,80,1.520181983,0,0,0,0,2020
Finland,81,1.458384821,0,0,0,0,2020
Brazil,82,1.425747276,0,0,0,0,2020
Cyprus,83,1.391829506,1,0,0,0,2020
Sudan,84,1.319721733,0,0,0,0,2020
Lithuania,85,1.24105004,0,0,0,0,2020
Kosovo,86,0.950071442,0,0,0,0,2020
Ireland,87,0.890406939,0,0,0,0,2020
Mauritania,88,0.826318935,0,0,0,0,2020
Vietnam,89,0.68185185,0,0,0,0,2020
Czech Republic,90,0.599428341,0,0,0,0,2020
Angola,91,0.508313379,0,0,0,0,2020
Denmark,91,0.508313379,0,0,0,0,2020
Gabon,91,0.508313379,0,0,0,0,2020
Georgia,94,0.458883223,0,0,0,0,2020
Kyrgyz Republic,94,0.458883223,0,0,0,0,2020
Taiwan,96,0.406455517,0,0,0,0,2020
Hungary,97,0.290978598,0,0,0,0,2020
Macedonia (FYR),97,0.290978598,0,0,0,0,2020
Poland,99,0.226890594,0,0,0,0,2020
Armenia,100,0.157670278,0,0,0,0,2020
Azerbaijan,100,0.157670278,0,0,0,0,2020
Kuwait,100,0.157670278,0,0,0,0,2020
Moldova,100,0.157670278,0,0,0,0,2020
Mauritius,100,0.157670278,0,0,0,0,2020
Uganda,105,0,0,0,0,0,2020
Togo,105,0,0,0,0,0,2020
Albania,105,0,0,0,0,0,2020
United Arab Emirates,105,0,0,0,0,0,2020
Bulgaria,105,0,0,0,0,0,2020
Bosnia and Herzegovina,105,0,0,0,0,0,2020
Belarus,105,0,0,0,0,0,2020
Bolivia,105,0,0,0,0,0,2020
Bhutan,105,0,0,0,0,0,2020
Botswana,105,0,0,0,0,0,2020
Republic of the Congo,105,0,0,0,0,0,2020
Costa Rica,105,0,0,0,0,0,2020
Cuba,105,0,0,0,0,0,2020
Djibouti,105,0,0,0,0,0,2020
Dominican Republic,105,0,0,0,0,0,2020
Eritrea,105,0,0,0,0,0,2020
Estonia,105,0,0,0,0,0,2020
Ghana,105,0,0,0,0,0,2020
Guinea,105,0,0,0,0,0,2020
The Gambia,105,0,0,0,0,0,2020
Guinea-Bissau,105,0,0,0,0,0,2020
Equatorial Guinea,105,0,0,0,0,0,2020
Guatemala,105,0,0,0,0,0,2020
Guyana,105,0,0,0,0,0,2020
Honduras,105,0,0,0,0,0,2020
Croatia,105,0,0,0,0,0,2020
Haiti,105,0,0,0,0,0,2020
Iceland,105,0,0,0,0,0,2020
Jamaica,105,0,0,0,0,0,2020
Cambodia,105,0,0,0,0,0,2020
South Korea,105,0,0,0,0,0,2020
Liberia,105,0,0,0,0,0,2020
Lesotho,105,0,0,0,0,0,2020
Latvia,105,0,0,0,0,0,2020
Montenegro,105,0,0,0,0,0,2020
Mongolia,105,0,0,0,0,0,2020
Malawi,105,0,0,0,0,0,2020
Namibia,105,0,0,0,0,0,2020
Nicaragua,105,0,0,0,0,0,2020
Oman,105,0,0,0,0,0,2020
Panama,105,0,0,0,0,0,2020
Papua New Guinea,105,0,0,0,0,0,2020
North Korea,105,0,0,0,0,0,2020
Portugal,105,0,0,0,0,0,2020
Qatar,105,0,0,0,0,0,2020
Singapore,105,0,0,0,0,0,2020
Sierra Leone,105,0,0,0,0,0,2020
El Salvador,105,0,0,0,0,0,2020
Serbia,105,0,0,0,0,0,2020
South Sudan,105,0,0,0,0,0,2020
Slovakia,105,0,0,0,0,0,2020
Slovenia,105,0,0,0,0,0,2020
Eswatini,105,0,0,0,0,0,2020
Turkmenistan,105,0,0,0,0,0,2020
Timor-Leste,105,0,0,0,0,0,2020
Trinidad and Tobago,105,0,0,0,0,0,2020
Uzbekistan,105,0,0,0,0,0,2020
Zambia,105,0,0,0,0,0,2020
Zimbabwe,105,0,0,0,0,0,2020
Afghanistan,1,9.130088594,889,1499,2341,91,2021
Iraq,2,8.524011704,873,540,873,32,2021
Somalia,3,8.428536507,332,661,489,14,2021
Burkina Faso,4,8.281140305,224,759,239,39,2021
Nigeria,5,8.27004715,214,497,177,50,2021
Syria,6,8.261250774,354,494,523,47,2021
Mali,7,8.169296986,341,604,561,102,2021
Niger,8,7.858589891,76,595,133,34,2021
Pakistan,9,7.852524248,206,292,549,0,2021
Myanmar,10,7.568522367,714,326,268,3,2021
Mozambique,11,7.482503539,60,98,6,28,2021
Cameroon,12,7.466861111,102,176,135,28,2021
India,13,7.434093969,165,123,160,1,2021
Colombia,14,7.087595426,75,78,195,7,2021
Egypt,15,6.95225716,45,71,36,17,2021
Democratic Republic of the Congo,16,6.896016919,34,213,41,80,2021
Philippines,17,6.786279108,62,51,73,2,2021
Chile,18,6.534469406,387,1,98,1,2021
Chad,19,6.37022632,5,48,11,0,2021
Kenya,20,6.230671277,29,43,39,5,2021
Yemen,21,5.886206547,4,38,17,0,2021
Thailand,22,5.726601075,14,7,35,0,2021
Turkey,23,5.678686082,15,6,7,0,2021
Indonesia,24,5.492046097,16,24,24,4,2021
Sri Lanka,25,5.437530877,0,0,0,0,2021
Iran,26,5.143589005,6,3,3,0,2021
Libya,27,5.123019508,4,5,0,2,2021
United States of America,28,5.01841071,7,3,0,0,2021
Greece,29,4.890653177,53,0,2,0,2021
Israel,30,4.775262706,18,1,22,0,2021
Germany,31,4.745360461,20,0,1,0,2021
Palestine,32,4.736003483,17,1,19,0,2021
Burundi,33,4.716610247,6,5,92,0,2021
Nepal,34,4.712158282,1,0,8,0,2021
Tanzania,35,4.660427709,3,7,6,0,2021
France,36,4.573689235,7,1,0,0,2021
United Kingdom,37,4.552924387,7,1,1,0,2021
Peru,38,4.464488185,1,16,0,0,2021
Tunisia,39,4.4570266,4,5,1,0,2021
Algeria,40,4.426001614,3,8,6,0,2021
Bangladesh,41,4.405566311,2,6,20,0,2021
New Zealand,42,4.37039631,1,0,6,0,2021
Cote d' Ivoire,43,4.303840994,8,5,5,0,2021
Russia,44,4.218669645,1,2,4,0,2021
Uganda,45,4.191935142,4,5,41,0,2021
Venezuela,46,3.999640853,4,2,0,12,2021
Tajikistan,47,3.982515694,0,0,0,0,2021
Canada,48,3.937246861,1,4,1,0,2021
Ethiopia,49,3.758732761,0,0,0,0,2021
Italy,50,3.681446868,7,0,0,0,2021
Benin,51,3.599268308,4,3,11,0,2021
Lebanon,52,3.580201249,1,1,0,0,2021
Austria,53,3.256669844,1,0,0,0,2021
Saudi Arabia,54,3.106176307,1,0,0,0,2021
Spain,55,2.856596587,0,0,0,0,2021
Switzerland,56,2.776712851,2,0,0,0,2021
Argentina,57,2.773218736,5,0,0,0,2021
Ecuador,58,2.762650878,0,0,0,0,2021
Netherlands,59,2.711551239,2,0,0,0,2021
Jordan,60,2.590686188,0,0,0,0,2021
Australia,61,2.434743768,0,0,0,0,2021
Mexico,62,2.403101495,0,0,0,0,2021
Ukraine,63,2.30057195,0,0,0,0,2021
Paraguay,64,2.148928124,0,0,0,0,2021
Bahrain,65,2.141691326,1,0,0,0,2021
Cyprus,66,1.928499271,2,0,0,0,2021
Central African Republic,67,1.900142885,1,0,3,0,2021
Malaysia,68,1.860827374,0,0,0,0,2021
China,68,1.860827374,0,0,0,0,2021
Belgium,70,1.742472607,0,0,0,0,2021
Sweden,71,1.605312199,0,0,0,0,2021
Senegal,72,1.577856169,0,0,0,0,2021
Eswatini,73,1.520181983,1,0,1,0,2021
Japan,74,1.458384821,0,0,0,0,2021
Uruguay,75,1.319721733,0,0,0,0,2021
Rwanda,76,1.24105004,0,0,0,0,2021
Togo,76,1.24105004,1,0,0,0,2021
South Africa,76,1.24105004,0,0,0,0,2021
Morocco,79,1.154498636,0,0,0,0,2021
Norway,80,1.10774172,0,0,0,0,2021
Romania,81,1.058311564,0,0,0,0,2021
Finland,82,1.005883858,0,0,0,0,2021
Brazil,83,0.950071442,0,0,0,0,2021
Sudan,84,0.890406939,0,0,0,0,2021
Lithuania,85,0.826318935,0,0,0,0,2021
Ireland,86,0.508313379,0,0,0,0,2021
Mauritania,86,0.508313379,0,0,0,0,2021
Vietnam,88,0.406455517,0,0,0,0,2021
Angola,89,0.290978598,0,0,0,0,2021
Czech Republic,89,0.290978598,0,0,0,0,2021
Denmark,89,0.290978598,0,0,0,0,2021
Gabon,89,0.290978598,0,0,0,0,2021
Kosovo,89,0.290978598,0,0,0,0,2021
Taiwan,94,0.226890594,0,0,0,0,2021
Macedonia (FYR),95,0.157670278,0,0,0,0,2021
Albania,96,0,0,0,0,0,2021
United Arab Emirates,96,0,0,0,0,0,2021
Armenia,96,0,0,0,0,0,2021
Azerbaijan,96,0,0,0,0,0,2021
Bulgaria,96,0,0,0,0,0,2021
Bosnia and Herzegovina,96,0,0,0,0,0,2021
Belarus,96,0,0,0,0,0,2021
Bolivia,96,0,0,0,0,0,2021
Bhutan,96,0,0,0,0,0,2021
Botswana,96,0,0,0,0,0,2021
Republic of the Congo,96,0,0,0,0,0,2021
Costa Rica,96,0,0,0,0,0,2021
Cuba,96,0,0,0,0,0,2021
Djibouti,96,0,0,0,0,0,2021
Dominican Republic,96,0,0,0,0,0,2021
Eritrea,96,0,0,0,0,0,2021
Estonia,96,0,0,0,0,0,2021
Georgia,96,0,0,0,0,0,2021
Ghana,96,0,0,0,0,0,2021
Guinea,96,0,0,0,0,0,2021
The Gambia,96,0,0,0,0,0,2021
Guinea-Bissau,96,0,0,0,0,0,2021
Equatorial Guinea,96,0,0,0,0,0,2021
Guatemala,96,0,0,0,0,0,2021
Guyana,96,0,0,0,0,0,2021
Honduras,96,0,0,0,0,0,2021
Croatia,96,0,0,0,0,0,2021
Haiti,96,0,0,0,0,0,2021
Hungary,96,0,0,0,0,0,2021
Iceland,96,0,0,0,0,0,2021
Jamaica,96,0,0,0,0,0,2021
Kazakhstan,96,0,0,0,0,0,2021
Kyrgyz Republic,96,0,0,0,0,0,2021
Cambodia,96,0,0,0,0,0,2021
South Korea,96,0,0,0,0,0,2021
Kuwait,96,0,0,0,0,0,2021
Laos,96,0,0,0,0,0,2021
Liberia,96,0,0,0,0,0,2021
Lesotho,96,0,0,0,0,0,2021
Latvia,96,0,0,0,0,0,2021
Moldova,96,0,0,0,0,0,2021
Madagascar,96,0,0,0,0,0,2021
Montenegro,96,0,0,0,0,0,2021
Mongolia,96,0,0,0,0,0,2021
Mauritius,96,0,0,0,0,0,2021
Malawi,96,0,0,0,0,0,2021
Namibia,96,0,0,0,0,0,2021
Nicaragua,96,0,0,0,0,0,2021
Oman,96,0,0,0,0,0,2021
Panama,96,0,0,0,0,0,2021
Papua New Guinea,96,0,0,0,0,0,2021
Poland,96,0,0,0,0,0,2021
North Korea,96,0,0,0,0,0,2021
Portugal,96,0,0,0,0,0,2021
Qatar,96,0,0,0,0,0,2021
Singapore,96,0,0,0,0,0,2021
Sierra Leone,96,0,0,0,0,0,2021
El Salvador,96,0,0,0,0,0,2021
Serbia,96,0,0,0,0,0,2021
South Sudan,96,0,0,0,0,0,2021
Slovakia,96,0,0,0,0,0,2021
Slovenia,96,0,0,0,0,0,2021
Turkmenistan,96,0,0,0,0,0,2021
Timor-Leste,96,0,0,0,0,0,2021
Trinidad and Tobago,96,0,0,0,0,0,2021
Uzbekistan,96,0,0,0,0,0,2021
Zambia,96,0,0,0,0,0,2021
Zimbabwe,96,0,0,0,0,0,2021
Afghanistan,1,8.822243713,225,633,897,0,2022
Burkina Faso,2,8.564100765,310,1135,496,84,2022
Somalia,3,8.463030913,299,755,1001,0,2022
Mali,4,8.412392411,272,944,376,24,2022
Syria,5,8.16124284,197,447,451,2,2022
Pakistan,6,8.160153142,298,643,802,13,2022
Iraq,7,8.138617814,401,174,339,7,2022
Nigeria,8,8.064811253,120,385,147,59,2022
Myanmar,9,7.976679176,755,415,349,13,2022
Niger,10,7.61620676,54,198,118,16,2022
Cameroon,11,7.347001638,116,166,53,65,2022
Mozambique,12,7.329904046,90,163,24,31,2022
India,13,7.174962015,142,78,150,2,2022
Democratic Republic of the Congo,14,6.871622641,17,136,7,0,2022
Colombia,15,6.696919796,45,21,114,2,2022
Egypt,16,6.631550901,30,72,34,3,2022
Chile,17,6.619298573,310,9,49,0,2022
Philippines,18,6.32798375,20,18,38,0,2022
Chad,19,6.167783493,6,36,62,0,2022
Kenya,20,6.162585367,26,51,26,6,2022
Iran,21,5.687521067,7,42,68,0,2022
Yemen,22,5.616402193,9,19,23,5,2022
Turkey,23,5.600303977,10,17,107,0,2022
Indonesia,24,5.502101062,7,25,22,0,2022
Israel,25,5.489021816,23,28,69,0,2022
Thailand,26,5.430103564,25,4,47,0,2022
Togo,27,4.914527496,5,26,16,0,2022
Benin,28,4.839548275,12,18,15,1,2022
Sri Lanka,29,4.839227208,0,0,0,0,2022
United States of America,30,4.798798242,8,11,7,0,2022
Greece,31,4.793058823,35,0,2,0,2022
Libya,32,4.72983026,4,4,5,0,2022
Palestine,33,4.611276248,17,1,21,0,2022
France,34,4.419243359,9,4,3,0,2022
Germany,35,4.242043833,5,0,0,0,2022
Nepal,36,4.134401386,2,0,2,0,2022
Algeria,37,4.082834779,1,3,0,0,2022
Tanzania,38,4.064939203,0,0,0,0,2022
Burundi,39,4.050670995,0,0,0,0,2022
Tunisia,40,3.988548151,3,0,5,0,2022
Peru,41,3.856098185,0,0,0,0,2022
United Kingdom,42,3.839933373,4,0,2,0,2022
Bangladesh,43,3.826573273,2,0,2,0,2022
Djibouti,44,3.800285769,1,7,6,0,2022
Russia,45,3.799217465,3,2,0,0,2022
New Zealand,46,3.776472712,0,0,0,0,2022
Cote d' Ivoire,47,3.747457604,1,0,0,0,2022
Uganda,48,3.599268308,0,0,0,0,2022
Norway,49,3.514416742,1,2,21,0,2022
Tajikistan,50,3.438359104,1,0,0,0,2022
Venezuela,51,3.408649577,0,0,0,0,2022
Lebanon,52,3.400212512,2,1,3,0,2022
Italy,53,3.290048491,3,0,0,0,2022
Canada,54,3.274501245,0,0,0,0,2022
Central African Republic,55,3.194427716,1,3,2,0,2022
Ethiopia,56,3.044467377,2,0,7,0,2022
Argentina,57,2.875465531,4,0,2,0,2022
Slovakia,58,2.783659012,1,2,1,0,2022
Belgium,59,2.762650878,3,1,1,0,2022
Spain,60,2.711551239,6,0,1,0,2022
Austria,61,2.677031664,0,0,0,0,2022
Japan,62,2.397713364,1,1,0,0,2022
Saudi Arabia,63,2.38683533,0,0,0,0,2022
Sweden,64,2.306598402,1,1,0,0,2022
Switzerland,65,2.20474054,0,0,0,0,2022
Ecuador,66,2.197957821,0,0,0,0,2022
Netherlands,67,2.119610324,0,0,0,0,2022
Jordan,68,2.033451205,0,0,0,0,2022
Australia,69,1.830121463,0,0,0,0,2022
Uzbekistan,70,1.730864483,2,0,0,0,2022
Paraguay,71,1.605312199,0,0,0,0,2022
Mexico,72,1.577856169,0,0,0,0,2022
Ukraine,73,1.534965117,0,0,0,0,2022
Cyprus,74,1.391829506,0,0,0,0,2022
Malaysia,75,1.356526959,0,0,0,0,2022
United Arab Emirates,76,1.24105004,1,0,0,0,2022
Senegal,77,1.10774172,0,0,0,0,2022
Eswatini,78,1.058311564,0,0,0,0,2022
Bahrain,79,0.826318935,0,0,0,0,2022
Uruguay,79,0.826318935,0,0,0,0,2022
Rwanda,79,0.826318935,0,0,0,0,2022
South Africa,79,0.826318935,0,0,0,0,2022
Morocco,83,0.757098619,0,0,0,0,2022
Romania,84,0.68185185,0,0,0,0,2022
Brazil,85,0.599428341,0,0,0,0,2022
Lithuania,86,0.508313379,0,0,0,0,2022
Ireland,87,0.290978598,0,0,0,0,2022
Mauritania,87,0.290978598,0,0,0,0,2022
Vietnam,89,0.226890594,0,0,0,0,2022
Angola,90,0.157670278,0,0,0,0,2022
Denmark,90,0.157670278,0,0,0,0,2022
Kosovo,90,0.157670278,0,0,0,0,2022
China,93,0,0,0,0,0,2022
Finland,93,0,0,0,0,0,2022
Czech Republic,93,0,0,0,0,0,2022
Gabon,93,0,0,0,0,0,2022
Sudan,93,0,0,0,0,0,2022
Taiwan,93,0,0,0,0,0,2022
Albania,93,0,0,0,0,0,2022
Armenia,93,0,0,0,0,0,2022
Azerbaijan,93,0,0,0,0,0,2022
Bulgaria,93,0,0,0,0,0,2022
Bosnia and Herzegovina,93,0,0,0,0,0,2022
Belarus,93,0,0,0,0,0,2022
Bolivia,93,0,0,0,0,0,2022
Bhutan,93,0,0,0,0,0,2022
Botswana,93,0,0,0,0,0,2022
Republic of the Congo,93,0,0,0,0,0,2022
Costa Rica,93,0,0,0,0,0,2022
Cuba,93,0,0,0,0,0,2022
Dominican Republic,93,0,0,0,0,0,2022
Eritrea,93,0,0,0,0,0,2022
Estonia,93,0,0,0,0,0,2022
Georgia,93,0,0,0,0,0,2022
Ghana,93,0,0,0,0,0,2022
Guinea,93,0,0,0,0,0,2022
The Gambia,93,0,0,0,0,0,2022
Guinea-Bissau,93,0,0,0,0,0,2022
Equatorial Guinea,93,0,0,0,0,0,2022
Guatemala,93,0,0,0,0,0,2022
Guyana,93,0,0,0,0,0,2022
Honduras,93,0,0,0,0,0,2022
Croatia,93,0,0,0,0,0,2022
Haiti,93,0,0,0,0,0,2022
Hungary,93,0,0,0,0,0,2022
Iceland,93,0,0,0,0,0,2022
Jamaica,93,0,0,0,0,0,2022
Kazakhstan,93,0,0,0,0,0,2022
Kyrgyz Republic,93,0,0,0,0,0,2022
Cambodia,93,0,0,0,0,0,2022
South Korea,93,0,0,0,0,0,2022
Kuwait,93,0,0,0,0,0,2022
Laos,93,0,0,0,0,0,2022
Liberia,93,0,0,0,0,0,2022
Lesotho,93,0,0,0,0,0,2022
Latvia,93,0,0,0,0,0,2022
Moldova,93,0,0,0,0,0,2022
Madagascar,93,0,0,0,0,0,2022
Macedonia (FYR),93,0,0,0,0,0,2022
Montenegro,93,0,0,0,0,0,2022
Mongolia,93,0,0,0,0,0,2022
Mauritius,93,0,0,0,0,0,2022
Malawi,93,0,0,0,0,0,2022
Namibia,93,0,0,0,0,0,2022
Nicaragua,93,0,0,0,0,0,2022
Oman,93,0,0,0,0,0,2022
Panama,93,0,0,0,0,0,2022
Papua New Guinea,93,0,0,0,0,0,2022
Poland,93,0,0,0,0,0,2022
North Korea,93,0,0,0,0,0,2022
Portugal,93,0,0,0,0,0,2022
Qatar,93,0,0,0,0,0,2022
Singapore,93,0,0,0,0,0,2022
Sierra Leone,93,0,0,0,0,0,2022
El Salvador,93,0,0,0,0,0,2022
Serbia,93,0,0,0,0,0,2022
South Sudan,93,0,0,0,0,0,2022
Slovenia,93,0,0,0,0,0,2022
Turkmenistan,93,0,0,0,0,0,2022
Timor-Leste,93,0,0,0,0,0,2022
Trinidad and Tobago,93,0,0,0,0,0,2022
Zambia,93,0,0,0,0,0,2022
Zimbabwe,93,0,0,0,0,0,2022
